-- phpMyAdmin SQL Dump
-- version 4.7.4
-- https://www.phpmyadmin.net/
--
-- Host: 127.0.0.1
-- Generation Time: Mar 25, 2019 at 08:26 AM
-- Server version: 10.1.28-MariaDB
-- PHP Version: 7.1.11

SET SQL_MODE = "NO_AUTO_VALUE_ON_ZERO";
SET AUTOCOMMIT = 0;
START TRANSACTION;
SET time_zone = "+00:00";


/*!40101 SET @OLD_CHARACTER_SET_CLIENT=@@CHARACTER_SET_CLIENT */;
/*!40101 SET @OLD_CHARACTER_SET_RESULTS=@@CHARACTER_SET_RESULTS */;
/*!40101 SET @OLD_COLLATION_CONNECTION=@@COLLATION_CONNECTION */;
/*!40101 SET NAMES utf8mb4 */;

--
-- Database: `activity`
--

-- --------------------------------------------------------

--
-- Table structure for table `checked`
--

CREATE TABLE `checked` (
  `checked_date` date NOT NULL,
  `eventdate` date NOT NULL,
  `checked_name` varchar(100) COLLATE utf8_unicode_ci NOT NULL,
  `stu_id` varchar(20) COLLATE utf8_unicode_ci NOT NULL,
  `checked_status` enum('1','0') COLLATE utf8_unicode_ci NOT NULL,
  `education_year` varchar(10) COLLATE utf8_unicode_ci NOT NULL
) ENGINE=InnoDB DEFAULT CHARSET=utf8 COLLATE=utf8_unicode_ci;

--
-- Dumping data for table `checked`
--

INSERT INTO `checked` (`checked_date`, `eventdate`, `checked_name`, `stu_id`, `checked_status`, `education_year`) VALUES
('2019-03-24', '1998-09-01', 'วันพุธ', '﻿6039010001', '0', '1/2561'),
('2019-03-24', '1998-09-01', 'วันพุธ', '6039010002', '0', '1/2561'),
('2019-03-24', '1998-09-01', 'วันพุธ', '6039010004', '0', '1/2561'),
('2019-03-24', '1998-09-01', 'วันพุธ', '6039010005', '1', '1/2561'),
('2019-03-24', '1998-09-01', 'วันพุธ', '6039010006', '1', '1/2561'),
('2019-03-24', '1998-09-01', 'วันพุธ', '6039010007', '1', '1/2561'),
('2019-03-24', '1998-09-01', 'วันพุธ', '6039010008', '1', '1/2561'),
('2019-03-24', '1998-09-01', 'วันพุธ', '6039010009', '1', '1/2561'),
('2019-03-24', '1998-09-01', 'วันพุธ', '6039010010', '1', '1/2561'),
('2019-03-24', '1998-09-01', 'วันพุธ', '6039010011', '1', '1/2561'),
('2019-03-24', '1998-09-01', 'วันพุธ', '6039010012', '1', '1/2561'),
('2019-03-24', '1998-09-01', 'วันพุธ', '6039010013', '1', '1/2561'),
('2019-03-24', '1998-09-01', 'วันพุธ', '6039010015', '1', '1/2561'),
('2019-03-24', '1998-09-01', 'วันพุธ', '6039010016', '1', '1/2561'),
('2019-03-24', '1998-09-01', 'วันพุธ', '6039010017', '1', '1/2561'),
('2019-03-24', '1998-09-01', 'วันพุธ', '6039010018', '1', '1/2561'),
('2019-03-24', '1998-09-01', 'วันพุธ', '6039010020', '1', '1/2561'),
('2019-03-24', '1998-09-01', 'วันพุธ', '6039010021', '1', '1/2561'),
('2019-03-24', '1998-09-01', 'วันพุธ', '6039010022', '1', '1/2561'),
('2019-03-24', '1998-09-01', 'วันพุธ', '6039010023', '1', '1/2561'),
('2019-03-24', '1998-09-01', 'วันพุธ', '6039010024', '1', '1/2561'),
('2019-03-24', '1998-09-01', 'วันพุธ', '6039010025', '1', '1/2561'),
('2019-03-24', '1998-09-01', 'วันพุธ', '6039010026', '1', '1/2561'),
('2019-03-24', '1998-09-01', 'วันพุธ', '6039010027', '1', '1/2561'),
('2019-03-24', '1998-09-01', 'วันพุธ', '6039010028', '1', '1/2561'),
('2019-03-24', '1998-09-02', 'วันพุธ', '﻿6039010001', '1', '1/2561'),
('2019-03-24', '1998-09-02', 'วันพุธ', '6039010002', '1', '1/2561'),
('2019-03-24', '1998-09-02', 'วันพุธ', '6039010004', '1', '1/2561'),
('2019-03-24', '1998-09-02', 'วันพุธ', '6039010005', '1', '1/2561'),
('2019-03-24', '1998-09-02', 'วันพุธ', '6039010006', '1', '1/2561'),
('2019-03-24', '1998-09-02', 'วันพุธ', '6039010007', '1', '1/2561'),
('2019-03-24', '1998-09-02', 'วันพุธ', '6039010008', '1', '1/2561'),
('2019-03-24', '1998-09-02', 'วันพุธ', '6039010009', '1', '1/2561'),
('2019-03-24', '1998-09-02', 'วันพุธ', '6039010010', '1', '1/2561'),
('2019-03-24', '1998-09-02', 'วันพุธ', '6039010011', '1', '1/2561'),
('2019-03-24', '1998-09-02', 'วันพุธ', '6039010012', '1', '1/2561'),
('2019-03-24', '1998-09-02', 'วันพุธ', '6039010013', '1', '1/2561'),
('2019-03-24', '1998-09-02', 'วันพุธ', '6039010015', '1', '1/2561'),
('2019-03-24', '1998-09-02', 'วันพุธ', '6039010016', '1', '1/2561'),
('2019-03-24', '1998-09-02', 'วันพุธ', '6039010017', '1', '1/2561'),
('2019-03-24', '1998-09-02', 'วันพุธ', '6039010018', '1', '1/2561'),
('2019-03-24', '1998-09-02', 'วันพุธ', '6039010020', '1', '1/2561'),
('2019-03-24', '1998-09-02', 'วันพุธ', '6039010021', '1', '1/2561'),
('2019-03-24', '1998-09-02', 'วันพุธ', '6039010022', '1', '1/2561'),
('2019-03-24', '1998-09-02', 'วันพุธ', '6039010023', '1', '1/2561'),
('2019-03-24', '1998-09-02', 'วันพุธ', '6039010024', '1', '1/2561'),
('2019-03-24', '1998-09-02', 'วันพุธ', '6039010025', '1', '1/2561'),
('2019-03-24', '1998-09-02', 'วันพุธ', '6039010026', '0', '1/2561'),
('2019-03-24', '1998-09-02', 'วันพุธ', '6039010027', '0', '1/2561'),
('2019-03-24', '1998-09-02', 'วันพุธ', '6039010028', '0', '1/2561'),
('2019-03-24', '1998-09-03', 'วันพุธ', '﻿6039010001', '1', '1/2561'),
('2019-03-24', '1998-09-03', 'วันพุธ', '6039010002', '1', '1/2561'),
('2019-03-24', '1998-09-03', 'วันพุธ', '6039010004', '1', '1/2561'),
('2019-03-24', '1998-09-03', 'วันพุธ', '6039010005', '1', '1/2561'),
('2019-03-24', '1998-09-03', 'วันพุธ', '6039010006', '1', '1/2561'),
('2019-03-24', '1998-09-03', 'วันพุธ', '6039010007', '0', '1/2561'),
('2019-03-24', '1998-09-03', 'วันพุธ', '6039010008', '0', '1/2561'),
('2019-03-24', '1998-09-03', 'วันพุธ', '6039010009', '1', '1/2561'),
('2019-03-24', '1998-09-03', 'วันพุธ', '6039010010', '1', '1/2561'),
('2019-03-24', '1998-09-03', 'วันพุธ', '6039010011', '1', '1/2561'),
('2019-03-24', '1998-09-03', 'วันพุธ', '6039010012', '1', '1/2561'),
('2019-03-24', '1998-09-03', 'วันพุธ', '6039010013', '1', '1/2561'),
('2019-03-24', '1998-09-03', 'วันพุธ', '6039010015', '1', '1/2561'),
('2019-03-24', '1998-09-03', 'วันพุธ', '6039010016', '1', '1/2561'),
('2019-03-24', '1998-09-03', 'วันพุธ', '6039010017', '1', '1/2561'),
('2019-03-24', '1998-09-03', 'วันพุธ', '6039010018', '1', '1/2561'),
('2019-03-24', '1998-09-03', 'วันพุธ', '6039010020', '1', '1/2561'),
('2019-03-24', '1998-09-03', 'วันพุธ', '6039010021', '1', '1/2561'),
('2019-03-24', '1998-09-03', 'วันพุธ', '6039010022', '1', '1/2561'),
('2019-03-24', '1998-09-03', 'วันพุธ', '6039010023', '1', '1/2561'),
('2019-03-24', '1998-09-03', 'วันพุธ', '6039010024', '1', '1/2561'),
('2019-03-24', '1998-09-03', 'วันพุธ', '6039010025', '1', '1/2561'),
('2019-03-24', '1998-09-03', 'วันพุธ', '6039010026', '1', '1/2561'),
('2019-03-24', '1998-09-03', 'วันพุธ', '6039010027', '1', '1/2561'),
('2019-03-24', '1998-09-03', 'วันพุธ', '6039010028', '1', '1/2561'),
('2019-03-24', '1998-01-07', 'วันพุธ', '﻿6039010001', '1', '1/2561'),
('2019-03-24', '1998-01-07', 'วันพุธ', '6039010002', '1', '1/2561'),
('2019-03-24', '1998-01-07', 'วันพุธ', '6039010004', '1', '1/2561'),
('2019-03-24', '1998-01-07', 'วันพุธ', '6039010005', '1', '1/2561'),
('2019-03-24', '1998-01-07', 'วันพุธ', '6039010006', '1', '1/2561'),
('2019-03-24', '1998-01-07', 'วันพุธ', '6039010007', '1', '1/2561'),
('2019-03-24', '1998-01-07', 'วันพุธ', '6039010008', '1', '1/2561'),
('2019-03-24', '1998-01-07', 'วันพุธ', '6039010009', '1', '1/2561'),
('2019-03-24', '1998-01-07', 'วันพุธ', '6039010010', '1', '1/2561'),
('2019-03-24', '1998-01-07', 'วันพุธ', '6039010011', '1', '1/2561'),
('2019-03-24', '1998-01-07', 'วันพุธ', '6039010012', '1', '1/2561'),
('2019-03-24', '1998-01-07', 'วันพุธ', '6039010013', '1', '1/2561'),
('2019-03-24', '1998-01-07', 'วันพุธ', '6039010015', '1', '1/2561'),
('2019-03-24', '1998-01-07', 'วันพุธ', '6039010016', '1', '1/2561'),
('2019-03-24', '1998-01-07', 'วันพุธ', '6039010017', '1', '1/2561'),
('2019-03-24', '1998-01-07', 'วันพุธ', '6039010018', '1', '1/2561'),
('2019-03-24', '1998-01-07', 'วันพุธ', '6039010020', '1', '1/2561'),
('2019-03-24', '1998-01-07', 'วันพุธ', '6039010021', '1', '1/2561'),
('2019-03-24', '1998-01-07', 'วันพุธ', '6039010022', '1', '1/2561'),
('2019-03-24', '1998-01-07', 'วันพุธ', '6039010023', '1', '1/2561'),
('2019-03-24', '1998-01-07', 'วันพุธ', '6039010024', '1', '1/2561'),
('2019-03-24', '1998-01-07', 'วันพุธ', '6039010025', '1', '1/2561'),
('2019-03-24', '1998-01-07', 'วันพุธ', '6039010026', '1', '1/2561'),
('2019-03-24', '1998-01-07', 'วันพุธ', '6039010027', '1', '1/2561'),
('2019-03-24', '1998-01-07', 'วันพุธ', '6039010028', '1', '1/2561'),
('2019-03-24', '1858-12-05', 'วันพุธ', '﻿6039010001', '0', '1/2561'),
('2019-03-24', '1858-12-05', 'วันพุธ', '6039010002', '1', '1/2561'),
('2019-03-24', '1858-12-05', 'วันพุธ', '6039010004', '1', '1/2561'),
('2019-03-24', '1858-12-05', 'วันพุธ', '6039010005', '1', '1/2561'),
('2019-03-24', '1858-12-05', 'วันพุธ', '6039010006', '1', '1/2561'),
('2019-03-24', '1858-12-05', 'วันพุธ', '6039010007', '1', '1/2561'),
('2019-03-24', '1858-12-05', 'วันพุธ', '6039010008', '1', '1/2561'),
('2019-03-24', '1858-12-05', 'วันพุธ', '6039010009', '1', '1/2561'),
('2019-03-24', '1858-12-05', 'วันพุธ', '6039010010', '1', '1/2561'),
('2019-03-24', '1858-12-05', 'วันพุธ', '6039010011', '1', '1/2561'),
('2019-03-24', '1858-12-05', 'วันพุธ', '6039010012', '1', '1/2561'),
('2019-03-24', '1858-12-05', 'วันพุธ', '6039010013', '1', '1/2561'),
('2019-03-24', '1858-12-05', 'วันพุธ', '6039010015', '1', '1/2561'),
('2019-03-24', '1858-12-05', 'วันพุธ', '6039010016', '1', '1/2561'),
('2019-03-24', '1858-12-05', 'วันพุธ', '6039010017', '1', '1/2561'),
('2019-03-24', '1858-12-05', 'วันพุธ', '6039010018', '1', '1/2561'),
('2019-03-24', '1858-12-05', 'วันพุธ', '6039010020', '1', '1/2561'),
('2019-03-24', '1858-12-05', 'วันพุธ', '6039010021', '1', '1/2561'),
('2019-03-24', '1858-12-05', 'วันพุธ', '6039010022', '1', '1/2561'),
('2019-03-24', '1858-12-05', 'วันพุธ', '6039010023', '1', '1/2561'),
('2019-03-24', '1858-12-05', 'วันพุธ', '6039010024', '1', '1/2561'),
('2019-03-24', '1858-12-05', 'วันพุธ', '6039010025', '1', '1/2561'),
('2019-03-24', '1858-12-05', 'วันพุธ', '6039010026', '1', '1/2561'),
('2019-03-24', '1858-12-05', 'วันพุธ', '6039010027', '1', '1/2561'),
('2019-03-24', '1858-12-05', 'วันพุธ', '6039010028', '1', '1/2561'),
('2019-03-24', '1998-09-04', 'วันพุธ', '﻿6039010001', '1', '1/2561'),
('2019-03-24', '1998-09-04', 'วันพุธ', '6039010002', '1', '1/2561'),
('2019-03-24', '1998-09-04', 'วันพุธ', '6039010004', '1', '1/2561'),
('2019-03-24', '1998-09-04', 'วันพุธ', '6039010005', '1', '1/2561'),
('2019-03-24', '1998-09-04', 'วันพุธ', '6039010006', '1', '1/2561'),
('2019-03-24', '1998-09-04', 'วันพุธ', '6039010007', '1', '1/2561'),
('2019-03-24', '1998-09-04', 'วันพุธ', '6039010008', '1', '1/2561'),
('2019-03-24', '1998-09-04', 'วันพุธ', '6039010009', '1', '1/2561'),
('2019-03-24', '1998-09-04', 'วันพุธ', '6039010010', '0', '1/2561'),
('2019-03-24', '1998-09-04', 'วันพุธ', '6039010011', '0', '1/2561'),
('2019-03-24', '1998-09-04', 'วันพุธ', '6039010012', '0', '1/2561'),
('2019-03-24', '1998-09-04', 'วันพุธ', '6039010013', '0', '1/2561'),
('2019-03-24', '1998-09-04', 'วันพุธ', '6039010015', '1', '1/2561'),
('2019-03-24', '1998-09-04', 'วันพุธ', '6039010016', '1', '1/2561'),
('2019-03-24', '1998-09-04', 'วันพุธ', '6039010017', '1', '1/2561'),
('2019-03-24', '1998-09-04', 'วันพุธ', '6039010018', '1', '1/2561'),
('2019-03-24', '1998-09-04', 'วันพุธ', '6039010020', '1', '1/2561'),
('2019-03-24', '1998-09-04', 'วันพุธ', '6039010021', '1', '1/2561'),
('2019-03-24', '1998-09-04', 'วันพุธ', '6039010022', '1', '1/2561'),
('2019-03-24', '1998-09-04', 'วันพุธ', '6039010023', '1', '1/2561'),
('2019-03-24', '1998-09-04', 'วันพุธ', '6039010024', '1', '1/2561'),
('2019-03-24', '1998-09-04', 'วันพุธ', '6039010025', '1', '1/2561'),
('2019-03-24', '1998-09-04', 'วันพุธ', '6039010026', '1', '1/2561'),
('2019-03-24', '1998-09-04', 'วันพุธ', '6039010027', '1', '1/2561'),
('2019-03-24', '1998-09-04', 'วันพุธ', '6039010028', '0', '1/2561'),
('2019-03-25', '2019-03-22', 'วันศุกร์', '﻿6039010001', '1', '1/2561'),
('2019-03-25', '2019-03-22', 'วันศุกร์', '6039010002', '1', '1/2561'),
('2019-03-25', '2019-03-22', 'วันศุกร์', '6039010004', '1', '1/2561'),
('2019-03-25', '2019-03-22', 'วันศุกร์', '6039010005', '1', '1/2561'),
('2019-03-25', '2019-03-22', 'วันศุกร์', '6039010006', '1', '1/2561'),
('2019-03-25', '2019-03-22', 'วันศุกร์', '6039010007', '1', '1/2561'),
('2019-03-25', '2019-03-22', 'วันศุกร์', '6039010008', '1', '1/2561'),
('2019-03-25', '2019-03-22', 'วันศุกร์', '6039010009', '1', '1/2561'),
('2019-03-25', '2019-03-22', 'วันศุกร์', '6039010010', '1', '1/2561'),
('2019-03-25', '2019-03-22', 'วันศุกร์', '6039010011', '1', '1/2561'),
('2019-03-25', '2019-03-22', 'วันศุกร์', '6039010012', '1', '1/2561'),
('2019-03-25', '2019-03-22', 'วันศุกร์', '6039010013', '1', '1/2561'),
('2019-03-25', '2019-03-22', 'วันศุกร์', '6039010015', '1', '1/2561'),
('2019-03-25', '2019-03-22', 'วันศุกร์', '6039010016', '1', '1/2561'),
('2019-03-25', '2019-03-22', 'วันศุกร์', '6039010017', '1', '1/2561'),
('2019-03-25', '2019-03-22', 'วันศุกร์', '6039010018', '1', '1/2561'),
('2019-03-25', '2019-03-22', 'วันศุกร์', '6039010020', '1', '1/2561'),
('2019-03-25', '2019-03-22', 'วันศุกร์', '6039010021', '1', '1/2561'),
('2019-03-25', '2019-03-22', 'วันศุกร์', '6039010022', '1', '1/2561'),
('2019-03-25', '2019-03-22', 'วันศุกร์', '6039010023', '1', '1/2561'),
('2019-03-25', '2019-03-22', 'วันศุกร์', '6039010024', '1', '1/2561'),
('2019-03-25', '2019-03-22', 'วันศุกร์', '6039010025', '1', '1/2561'),
('2019-03-25', '2019-03-22', 'วันศุกร์', '6039010026', '1', '1/2561'),
('2019-03-25', '2019-03-22', 'วันศุกร์', '6039010027', '1', '1/2561'),
('2019-03-25', '2019-03-22', 'วันศุกร์', '6039010028', '1', '1/2561'),
('2019-03-25', '2019-03-20', 'วันพุธ', '﻿6039010001', '0', '1/2561'),
('2019-03-25', '2019-03-20', 'วันพุธ', '6039010002', '1', '1/2561'),
('2019-03-25', '2019-03-20', 'วันพุธ', '6039010004', '0', '1/2561'),
('2019-03-25', '2019-03-20', 'วันพุธ', '6039010005', '1', '1/2561'),
('2019-03-25', '2019-03-20', 'วันพุธ', '6039010006', '1', '1/2561'),
('2019-03-25', '2019-03-20', 'วันพุธ', '6039010007', '1', '1/2561'),
('2019-03-25', '2019-03-20', 'วันพุธ', '6039010008', '1', '1/2561'),
('2019-03-25', '2019-03-20', 'วันพุธ', '6039010009', '1', '1/2561'),
('2019-03-25', '2019-03-20', 'วันพุธ', '6039010010', '1', '1/2561'),
('2019-03-25', '2019-03-20', 'วันพุธ', '6039010011', '1', '1/2561'),
('2019-03-25', '2019-03-20', 'วันพุธ', '6039010012', '1', '1/2561'),
('2019-03-25', '2019-03-20', 'วันพุธ', '6039010013', '1', '1/2561'),
('2019-03-25', '2019-03-20', 'วันพุธ', '6039010015', '1', '1/2561'),
('2019-03-25', '2019-03-20', 'วันพุธ', '6039010016', '1', '1/2561'),
('2019-03-25', '2019-03-20', 'วันพุธ', '6039010017', '1', '1/2561'),
('2019-03-25', '2019-03-20', 'วันพุธ', '6039010018', '1', '1/2561'),
('2019-03-25', '2019-03-20', 'วันพุธ', '6039010020', '1', '1/2561'),
('2019-03-25', '2019-03-20', 'วันพุธ', '6039010021', '1', '1/2561'),
('2019-03-25', '2019-03-20', 'วันพุธ', '6039010022', '1', '1/2561'),
('2019-03-25', '2019-03-20', 'วันพุธ', '6039010023', '1', '1/2561'),
('2019-03-25', '2019-03-20', 'วันพุธ', '6039010024', '1', '1/2561'),
('2019-03-25', '2019-03-20', 'วันพุธ', '6039010025', '1', '1/2561'),
('2019-03-25', '2019-03-20', 'วันพุธ', '6039010026', '1', '1/2561'),
('2019-03-25', '2019-03-20', 'วันพุธ', '6039010027', '1', '1/2561'),
('2019-03-25', '2019-03-20', 'วันพุธ', '6039010028', '1', '1/2561');

-- --------------------------------------------------------

--
-- Table structure for table `classroom`
--

CREATE TABLE `classroom` (
  `class_id` varchar(10) COLLATE utf8_unicode_ci NOT NULL,
  `class_name` varchar(50) COLLATE utf8_unicode_ci NOT NULL,
  `teacher_name` varchar(50) COLLATE utf8_unicode_ci NOT NULL
) ENGINE=InnoDB DEFAULT CHARSET=utf8 COLLATE=utf8_unicode_ci;

--
-- Dumping data for table `classroom`
--

INSERT INTO `classroom` (`class_id`, `class_name`, `teacher_name`) VALUES
('111111', 'ทค. 1/2', 'กกกมา'),
('592901', 'สท. 3/1', 'นาย อภิชาติ สมเชื้อ'),
('603901', 'สท. 5/1', 'นาย ปพนพัทธ์ พิมพ์คต'),
('﻿รหัสห้อง', 'ชื่อห้อง', 'ชื่ออาจารย์ที่ปรึกษา');

-- --------------------------------------------------------

--
-- Table structure for table `education_years`
--

CREATE TABLE `education_years` (
  `no` int(11) NOT NULL,
  `education_year` varchar(10) COLLATE utf8_unicode_ci NOT NULL,
  `name` varchar(100) COLLATE utf8_unicode_ci NOT NULL
) ENGINE=InnoDB DEFAULT CHARSET=utf8 COLLATE=utf8_unicode_ci;

--
-- Dumping data for table `education_years`
--

INSERT INTO `education_years` (`no`, `education_year`, `name`) VALUES
(1, '1/2561', 'ภาคเรียนที่ 1 ปีการศึกษา 2561'),
(2, '2/2561', 'ภาคเรียนที่ 2 ปีการศึกษา 2561'),
(3, '1/2562', 'ภาคเรียนที่ 1 ปีการศึกษา 2562'),
(4, '2/2562', 'ภาคเรียนที่ 2 ปีการศึกษา 2562'),
(5, '1/2563', 'ภาคเรียนที่ 1 ปีการศึกษา 2563');

-- --------------------------------------------------------

--
-- Table structure for table `student`
--

CREATE TABLE `student` (
  `stu_id` varchar(20) COLLATE utf8_unicode_ci NOT NULL,
  `stu_name` varchar(100) COLLATE utf8_unicode_ci NOT NULL,
  `class_id` varchar(10) COLLATE utf8_unicode_ci NOT NULL
) ENGINE=InnoDB DEFAULT CHARSET=utf8 COLLATE=utf8_unicode_ci;

--
-- Dumping data for table `student`
--

INSERT INTO `student` (`stu_id`, `stu_name`, `class_id`) VALUES
('﻿6039010001', 'นาย กฤตนพ สุขเกษม', '603901'),
('6039010002', 'นาย เขมชาติ กิจวิรัตน์ชัย', '603901'),
('6039010004', 'นางสาว จุฑามาศ เพื่อนพิมาย', '603901'),
('6039010005', 'นาย ชนสิทธิ์ เอียมประชา', '603901'),
('6039010006', 'นาย ชนะชัย โต๊ะมุดบำรุง', '603901'),
('6039010007', 'นาย ณฐกร ปิ่นโมรา', '603901'),
('6039010008', 'นาย ณัฐวุฒิ วงษ์สุวรรณ์', '603901'),
('6039010009', 'นาย ธนพงษ์ รัตนภรณ์', '603901'),
('6039010010', 'นาย ธนพงษ์ ประยุกต์วิทยกุล', '603901'),
('6039010011', 'นาย ธัญญ์กวิน ประยูรธนะพงศ์', '603901'),
('6039010012', 'นางสาว ธาราพร กุณโฮง', '603901'),
('6039010013', 'นาย นภัทร แสงแก้ว', '603901'),
('6039010015', 'นางสาว นิตยา จันทร์ส่ง', '603901'),
('6039010016', 'นาย ปกาสิทธิ์ เปรมแสง', '603901'),
('6039010017', 'นางสาว ปุณยนุช แผลงงาม', '603901'),
('6039010018', 'นางสาว พิศุทธิภา ชื่นบาน', '603901'),
('6039010020', 'นาย เมฆินทร์ ตาคีย์', '603901'),
('6039010021', 'นาย ล้อมพงศ์ สำราญชื่น', '603901'),
('6039010022', 'นาย วรพรต นามมาลา', '603901'),
('6039010023', 'นาย วรพล ทวีกิจชัยบดี', '603901'),
('6039010024', 'นางสาว สิริวรรณ พฤกษ์เกษม', '603901'),
('6039010025', 'นางสาว สิริวิมล วาดสุทธาชีพ', '603901'),
('6039010026', 'นาย อภิวิชญ์ ธิปภาดา', '603901'),
('6039010027', ' นาย อาทิตย์ โอวาท', '603901'),
('6039010028', 'นางสาว ชนาภรณ์ อัมวัฒน์', '603901'),
('﻿6039010066', 'กามมเทพ', '111111');

-- --------------------------------------------------------

--
-- Table structure for table `useraccount`
--

CREATE TABLE `useraccount` (
  `username` varchar(20) COLLATE utf8_unicode_ci NOT NULL,
  `password` varchar(20) COLLATE utf8_unicode_ci NOT NULL,
  `name` varchar(100) COLLATE utf8_unicode_ci NOT NULL,
  `position` enum('ผู้ดูแลระบบ','อาจารย์') COLLATE utf8_unicode_ci NOT NULL
) ENGINE=InnoDB DEFAULT CHARSET=utf8 COLLATE=utf8_unicode_ci;

--
-- Dumping data for table `useraccount`
--

INSERT INTO `useraccount` (`username`, `password`, `name`, `position`) VALUES
('admin', 'password', 'ชนสิทธิ์ เอี่ยมประชา', 'ผู้ดูแลระบบ'),
('managers', '1234', 'Kim', 'อาจารย์');

--
-- Indexes for dumped tables
--

--
-- Indexes for table `checked`
--
ALTER TABLE `checked`
  ADD KEY `YTOS` (`stu_id`);

--
-- Indexes for table `classroom`
--
ALTER TABLE `classroom`
  ADD PRIMARY KEY (`class_id`);

--
-- Indexes for table `education_years`
--
ALTER TABLE `education_years`
  ADD PRIMARY KEY (`no`);

--
-- Indexes for table `student`
--
ALTER TABLE `student`
  ADD PRIMARY KEY (`stu_id`),
  ADD KEY `Student to Class` (`class_id`);

--
-- Indexes for table `useraccount`
--
ALTER TABLE `useraccount`
  ADD PRIMARY KEY (`username`);

--
-- AUTO_INCREMENT for dumped tables
--

--
-- AUTO_INCREMENT for table `education_years`
--
ALTER TABLE `education_years`
  MODIFY `no` int(11) NOT NULL AUTO_INCREMENT, AUTO_INCREMENT=6;

--
-- Constraints for dumped tables
--

--
-- Constraints for table `checked`
--
ALTER TABLE `checked`
  ADD CONSTRAINT `YTOS` FOREIGN KEY (`stu_id`) REFERENCES `student` (`stu_id`);

--
-- Constraints for table `student`
--
ALTER TABLE `student`
  ADD CONSTRAINT `Student to Class` FOREIGN KEY (`class_id`) REFERENCES `classroom` (`class_id`);
COMMIT;

/*!40101 SET CHARACTER_SET_CLIENT=@OLD_CHARACTER_SET_CLIENT */;
/*!40101 SET CHARACTER_SET_RESULTS=@OLD_CHARACTER_SET_RESULTS */;
/*!40101 SET COLLATION_CONNECTION=@OLD_COLLATION_CONNECTION */;
